{"Dataset": ["20NG", "20NG", "20NG", "BBC", "BBC", "BBC", "BBC", "Bio", "Bio", "Bio", "SO", "SO", "SO", "SearchSnippets", "SearchSnippets", "SearchSnippets", "SearchSnippets"], "K": [20, 50, 100, 5, 20, 50, 100, 20, 50, 100, 20, 50, 100, 8, 20, 50, 100], "Seed": [4024, 4024, 4024, 4024, 4024, 4024, 4024, 4024, 4024, 4024, 4024, 4024, 4024, 4024, 4024, 4024, 4024], "Model": ["GINopic", "GINopic", "GINopic", "GINopic", "GINopic", "GINopic", "GINopic", "GINopic", "GINopic", "GINopic", "GINopic", "GINopic", "GINopic", "GINopic", "GINopic", "GINopic", "GINopic"], "NPMI": [0.12313273000079714, 0.11155106391096858, 0.09316566197590202, 0.13024520823746016, 0.14952818582229963, 0.13480042731290814, 0.11192899746990866, 0.12983962795230528, 0.12045741577195165, 0.10260696230614412, 0.06456987304395677, 0.04051278477460738, 0.02318471461532505, 0.03453132951215296, 0.08058523802392162, 0.03514491972235053, 0.03078940772762686], "CV": [0.6576585182635444, 0.6213251095875608, 0.5922114241356238, 0.704833093615769, 0.7083902192131969, 0.6966954903295126, 0.6540296072722179, 0.5834835342575342, 0.5692169630046373, 0.5391722902794858, 0.5024671338557987, 0.45312993687667524, 0.4261872655082526, 0.4895628382042566, 0.5567822374221113, 0.485087388487448, 0.4771517260731737], "Accuracy": [0.4102983244789538, 0.40171638741315896, 0.4131589701675521, 0.8712574850299402, 0.8892215568862275, 0.9101796407185628, 0.8802395209580839, 0.45594006421691047, 0.5326435961469854, 0.5494113449875134, 0.6114649681528662, 0.6768577494692144, 0.6696390658174097, 0.688212927756654, 0.7881586094513852, 0.8316132536664856, 0.7740358500814775]}